Francais1178.binding.frontcover.tif,3871,5293
Francais1178.frontmatter.pastedown.tif,3776,5262
Francais1178.frontmatter.flyleaf.01r.tif,3566,4949
Francais1178.frontmatter.flyleaf.01v.tif,3517,4939
Francais1178.frontmatter.flyleaf.02r.tif,3535,4987
Francais1178.frontmatter.flyleaf.02v.tif,3517,4939
Francais1178.001r.tif,3435,4980
Francais1178.001v.tif,3364,4911
Francais1178.002r.tif,3504,5018
Francais1178.002v.tif,3434,4937
Francais1178.003r.tif,3504,4991
Francais1178.003v.tif,3434,4937
Francais1178.004r.tif,3486,4991
Francais1178.004v.tif,3434,4937
Francais1178.005r.tif,3486,4991
Francais1178.005v.tif,3434,4954
Francais1178.006r.tif,3486,4991
Francais1178.006v.tif,3434,4954
Francais1178.007r.tif,3456,5004
Francais1178.007v.tif,3367,4925
Francais1178.008r.tif,3450,5032
Francais1178.008v.tif,3367,4949
Francais1178.009r.tif,3450,5032
Francais1178.009v.tif,3328,4965
Francais1178.010r.tif,3474,5010
Francais1178.010v.tif,3391,4933
Francais1178.011r.tif,3474,5004
Francais1178.011v.tif,3391,4952
Francais1178.012r.tif,3474,5004
Francais1178.012v.tif,3352,4952
Francais1178.013r.tif,3474,5004
Francais1178.013v.tif,3377,4952
Francais1178.014r.tif,3474,5004
Francais1178.014v.tif,3352,4952
Francais1178.015r.tif,3444,5005
Francais1178.015v.tif,3352,4952
Francais1178.016r.tif,3417,5005
Francais1178.016v.tif,3352,4952
Francais1178.017r.tif,3436,5005
Francais1178.017v.tif,3352,4976
Francais1178.018r.tif,3436,5005
Francais1178.018v.tif,3371,4990
Francais1178.019r.tif,3436,5005
Francais1178.019v.tif,3398,4990
Francais1178.020r.tif,3436,5005
Francais1178.020v.tif,3398,4990
Francais1178.021r.tif,3436,5005
Francais1178.021v.tif,3398,4990
Francais1178.022r.tif,3420,4980
Francais1178.022v.tif,3398,4990
Francais1178.023r.tif,3420,4980
Francais1178.023v.tif,3371,5003
Francais1178.024r.tif,3420,4980
Francais1178.024v.tif,3371,5027
Francais1178.025r.tif,3420,4980
Francais1178.025v.tif,3325,5027
Francais1178.026r.tif,3420,5004
Francais1178.026v.tif,3379,5015
Francais1178.027r.tif,3437,4984
Francais1178.027v.tif,3373,4969
Francais1178.028r.tif,3437,4984
Francais1178.028v.tif,3389,4992
Francais1178.029r.tif,3437,4984
Francais1178.029v.tif,3389,5003
Francais1178.030r.tif,3422,4968
Francais1178.030v.tif,3389,5003
Francais1178.031r.tif,3427,4994
Francais1178.031v.tif,3389,5003
Francais1178.032r.tif,3427,4994
Francais1178.032v.tif,3339,5003
Francais1178.033r.tif,3427,4980
Francais1178.033v.tif,3339,5003
Francais1178.034r.tif,3427,4980
Francais1178.034v.tif,3339,5003
Francais1178.035r.tif,3399,4980
Francais1178.035v.tif,3339,4986
Francais1178.036r.tif,3399,4980
Francais1178.036v.tif,3367,4986
Francais1178.037r.tif,3399,4980
Francais1178.037v.tif,3367,4986
Francais1178.038r.tif,3399,4980
Francais1178.038v.tif,3367,4991
Francais1178.039r.tif,3399,4980
Francais1178.039v.tif,3367,4991
Francais1178.040r.tif,3399,4980
Francais1178.040v.tif,3381,4942
Francais1178.041r.tif,3390,5004
Francais1178.041v.tif,3337,4988
Francais1178.042r.tif,3390,4944
Francais1178.042v.tif,3357,4961
Francais1178.043r.tif,3390,4962
Francais1178.043v.tif,3357,4961
Francais1178.044r.tif,3390,4962
Francais1178.044v.tif,3373,4969
Francais1178.045r.tif,3426,4962
Francais1178.045v.tif,3366,4990
Francais1178.046r.tif,3426,4962
Francais1178.046v.tif,3366,4990
Francais1178.047r.tif,3426,4962
Francais1178.047v.tif,3402,4982
Francais1178.048r.tif,3414,4974
Francais1178.048v.tif,3366,5006
Francais1178.049r.tif,3414,4974
Francais1178.049v.tif,3366,5006
Francais1178.050r.tif,3414,4970
Francais1178.050v.tif,3388,4978
Francais1178.051r.tif,3408,4970
Francais1178.051v.tif,3388,4978
Francais1178.052r.tif,3468,5024
Francais1178.052v.tif,3352,5008
Francais1178.053r.tif,3480,5046
Francais1178.053v.tif,3360,4978
Francais1178.054r.tif,3507,5046
Francais1178.054v.tif,3374,4975
Francais1178.055r.tif,3507,5046
Francais1178.055v.tif,3374,5006
Francais1178.056r.tif,3507,5046
Francais1178.056v.tif,3325,5006
Francais1178.057r.tif,3486,5046
Francais1178.057v.tif,3388,5006
Francais1178.058r.tif,3486,5046
Francais1178.058v.tif,3352,5023
Francais1178.059r.tif,3486,5046
Francais1178.059v.tif,3388,5005
Francais1178.060r.tif,3486,5046
Francais1178.060v.tif,3388,5033
Francais1178.061r.tif,3447,5014
Francais1178.061v.tif,3335,4980
Francais1178.062r.tif,3473,5035
Francais1178.062v.tif,3335,4980
Francais1178.063r.tif,3462,5035
Francais1178.063v.tif,3335,5003
Francais1178.064r.tif,3462,5035
Francais1178.064v.tif,3378,5051
Francais1178.065r.tif,3444,5052
Francais1178.065v.tif,3349,4992
Francais1178.066r.tif,3444,5052
Francais1178.066v.tif,3349,5012
Francais1178.067r.tif,3444,5052
Francais1178.067v.tif,3349,4999
Francais1178.068r.tif,3423,5026
Francais1178.068v.tif,3366,5006
Francais1178.069r.tif,3438,5026
Francais1178.069v.tif,3366,5044
Francais1178.070r.tif,3438,5026
Francais1178.070v.tif,3366,5044
Francais1178.071r.tif,3438,5026
Francais1178.071v.tif,3343,5044
Francais1178.072r.tif,3438,5026
Francais1178.072v.tif,3366,5044
Francais1178.073r.tif,3487,5026
Francais1178.073v.tif,3366,5044
Francais1178.074r.tif,3487,5026
Francais1178.074v.tif,3366,5043
Francais1178.075r.tif,3449,5010
Francais1178.075v.tif,3341,5043
Francais1178.076r.tif,3449,5010
Francais1178.076v.tif,3371,5011
Francais1178.077r.tif,3449,5010
Francais1178.077v.tif,3371,5011
Francais1178.078r.tif,3449,5010
Francais1178.078v.tif,3371,5011
Francais1178.079r.tif,3449,5006
Francais1178.079v.tif,3371,5011
Francais1178.080r.tif,3469,5000
Francais1178.080v.tif,3403,5011
Francais1178.081r.tif,3469,5000
Francais1178.081v.tif,3403,5011
Francais1178.082r.tif,3469,5000
Francais1178.082v.tif,3354,5026
Francais1178.083r.tif,3469,5000
Francais1178.083v.tif,3354,5026
Francais1178.084r.tif,3408,5006
Francais1178.084v.tif,3354,5026
Francais1178.085r.tif,3456,4986
Francais1178.085v.tif,3354,5026
Francais1178.086r.tif,3456,5010
Francais1178.086v.tif,3354,5026
Francais1178.087r.tif,3456,5052
Francais1178.087v.tif,3354,5026
Francais1178.088r.tif,3456,5052
Francais1178.088v.tif,3366,5010
Francais1178.089r.tif,3480,5052
Francais1178.089v.tif,3366,5010
Francais1178.090r.tif,3482,5034
Francais1178.090v.tif,3377,4999
Francais1178.091r.tif,3482,5034
Francais1178.091v.tif,3377,4999
Francais1178.092r.tif,3482,5058
Francais1178.092v.tif,3377,5041
Francais1178.093r.tif,3446,5040
Francais1178.093v.tif,3346,5041
Francais1178.094r.tif,3495,5020
Francais1178.094v.tif,3346,5041
Francais1178.095r.tif,3454,5000
Francais1178.095v.tif,3346,5041
Francais1178.096r.tif,3454,5018
Francais1178.096v.tif,3346,5041
Francais1178.097r.tif,3444,5024
Francais1178.097v.tif,3346,5041
Francais1178.098r.tif,3478,5022
Francais1178.098v.tif,3374,5041
Francais1178.099r.tif,3480,5022
Francais1178.099v.tif,3359,5041
Francais1178.100r.tif,3468,5000
Francais1178.100v.tif,3370,5074
Francais1178.101r.tif,3450,4969
Francais1178.101v.tif,3285,5078
Francais1178.102r.tif,3418,4928
Francais1178.102v.tif,3373,5002
Francais1178.103r.tif,3438,4986
Francais1178.103v.tif,3380,4977
Francais1178.104r.tif,3445,5004
Francais1178.104v.tif,3426,4962
Francais1178.105r.tif,3439,5004
Francais1178.105v.tif,3395,4962
Francais1178.106r.tif,3450,5004
Francais1178.106v.tif,3461,5001
Francais1178.107r.tif,3450,5004
Francais1178.107v.tif,3414,5001
Francais1178.108r.tif,3450,4998
Francais1178.108v.tif,3414,5001
Francais1178.109r.tif,3456,4998
Francais1178.109v.tif,3395,5001
Francais1178.110r.tif,3443,4998
Francais1178.110v.tif,3427,5001
Francais1178.111r.tif,3443,4998
Francais1178.111v.tif,3400,5034
Francais1178.112r.tif,3420,4998
Francais1178.112v.tif,3400,4995
Francais1178.113r.tif,3408,4980
Francais1178.113v.tif,3354,4995
Francais1178.114r.tif,3461,4968
Francais1178.114v.tif,3416,5010
Francais1178.115r.tif,3461,4968
Francais1178.115v.tif,3377,5026
Francais1178.116r.tif,3432,4968
Francais1178.116v.tif,3416,4999
Francais1178.117r.tif,3432,4968
Francais1178.117v.tif,3416,4999
Francais1178.118r.tif,3432,4968
Francais1178.118v.tif,3416,4999
Francais1178.119r.tif,3432,4968
Francais1178.119v.tif,3416,4999
Francais1178.120r.tif,3450,4968
Francais1178.120v.tif,3386,5020
Francais1178.121r.tif,3438,4968
Francais1178.121v.tif,3430,5020
Francais1178.122r.tif,3420,4968
Francais1178.122v.tif,3430,5020
Francais1178.123r.tif,3422,4968
Francais1178.123v.tif,3468,5020
Francais1178.124r.tif,3431,4968
Francais1178.124v.tif,3468,5020
Francais1178.125r.tif,3443,4968
Francais1178.125v.tif,3468,5020
Francais1178.126r.tif,3443,4968
Francais1178.126v.tif,3468,5020
Francais1178.127r.tif,3408,4980
Francais1178.127v.tif,3403,4975
Francais1178.128r.tif,3408,4980
Francais1178.128v.tif,3403,5014
Francais1178.129r.tif,3408,4980
Francais1178.129v.tif,3403,5014
Francais1178.130r.tif,3430,4998
Francais1178.130v.tif,3419,5014
Francais1178.131r.tif,3430,4956
Francais1178.131v.tif,3403,5014
Francais1178.132r.tif,3430,4974
Francais1178.132v.tif,3403,5014
Francais1178.133r.tif,3430,4974
Francais1178.133v.tif,3403,5014
Francais1178.134r.tif,3430,4974
Francais1178.134v.tif,3403,5014
Francais1178.135r.tif,3430,4974
Francais1178.135v.tif,3425,4997
Francais1178.136r.tif,3498,5028
Francais1178.136v.tif,3425,4997
Francais1178.137r.tif,3498,5070
Francais1178.137v.tif,3425,4997
Francais1178.138r.tif,3510,5029
Francais1178.138v.tif,3425,4997
Francais1178.139r.tif,3510,5029
Francais1178.139v.tif,3425,5036
Francais1178.140r.tif,3522,5055
Francais1178.140v.tif,3425,5036
Francais1178.141r.tif,3510,5055
Francais1178.141v.tif,3425,5036
Francais1178.142r.tif,3510,5055
Francais1178.142v.tif,3425,5036
Francais1178.143r.tif,3510,5055
Francais1178.143v.tif,3425,5036
Francais1178.144r.tif,3510,5055
Francais1178.144v.tif,3425,5036
Francais1178.145r.tif,3510,5034
Francais1178.145v.tif,3425,5036
Francais1178.146r.tif,3546,5034
Francais1178.146v.tif,3425,5036
Francais1178.147r.tif,3535,5038
Francais1178.147v.tif,3425,5036
Francais1178.148r.tif,3535,5038
Francais1178.148v.tif,3425,5036
Francais1178.149r.tif,3535,5052
Francais1178.149v.tif,3425,5036
Francais1178.150r.tif,3558,5052
Francais1178.150v.tif,3425,5036
Francais1178.151r.tif,3510,5059
Francais1178.151v.tif,3405,5047
Francais1178.152r.tif,3538,5040
Francais1178.152v.tif,3405,5047
Francais1178.153r.tif,3555,5059
Francais1178.153v.tif,3405,5047
Francais1178.154r.tif,3536,5059
Francais1178.154v.tif,3413,5002
Francais1178.155r.tif,3549,5039
Francais1178.155v.tif,3413,5002
Francais1178.156r.tif,3531,5047
Francais1178.156v.tif,3413,5002
Francais1178.157r.tif,3561,5047
Francais1178.157v.tif,3413,5002
Francais1178.158r.tif,3561,5047
Francais1178.158v.tif,3413,5002
Francais1178.159r.tif,3522,5009
Francais1178.159v.tif,3413,5002
Francais1178.160r.tif,3535,5039
Francais1178.160v.tif,3413,5002
Francais1178.161r.tif,3523,5016
Francais1178.161v.tif,3413,5002
Francais1178.endmatter.flyleaf.01r.tif,3509,4951
Francais1178.endmatter.flyleaf.01v.tif,3413,4970
Francais1178.endmatter.flyleaf.02r.tif,3623,4988
Francais1178.endmatter.flyleaf.02v.tif,3444,5031
Francais1178.endmatter.flyleaf.03r.tif,3607,4988
Francais1178.endmatter.flyleaf.03v.tif,3451,4955
Francais1178.endmatter.pastedown.tif,3794,5262
Francais1178.binding.backcover.tif,3848,5246
Francais1178.binding.foredge.tif,1196,5254
Francais1178.binding.head.tif,1173,3950
Francais1178.binding.spine.tif,879,5194
Francais1178.binding.tail.tif,1175,3928
Francais1178.misc.colorbar.tif,790,534
