NAF9252.binding.frontcover.tif,3476,4890
NAF9252.frontmatter.pastedown.tif,3442,4900
NAF9252.frontmatter.flyleaf.01r.tif,3343,4743
NAF9252.frontmatter.flyleaf.01v.tif,3350,4764
NAF9252.frontmatter.flyleaf.02r.tif,3234,4736
NAF9252.frontmatter.flyleaf.02v.tif,3203,4750
NAF9252.frontmatter.flyleaf.03r.tif,3231,4733
NAF9252.frontmatter.flyleaf.03v.tif,3196,4736
NAF9252.frontmatter.flyleaf.04r.tif,3224,4736
NAF9252.frontmatter.flyleaf.04v.tif,3182,4743
NAF9252.001r.tif,3157,4680
NAF9252.001v.tif,3091,4667
NAF9252.002r.tif,3161,4680
NAF9252.002v.tif,3091,4673
NAF9252.003r.tif,3168,4680
NAF9252.003v.tif,3130,4681
NAF9252.004r.tif,3161,4694
NAF9252.004v.tif,3140,4694
NAF9252.005r.tif,3158,4708
NAF9252.005v.tif,3126,4709
NAF9252.006r.tif,3182,4722
NAF9252.006v.tif,3119,4711
NAF9252.007r.tif,3161,4715
NAF9252.007v.tif,3119,4722
NAF9252.008r.tif,3175,4673
NAF9252.008v.tif,3108,4659
NAF9252.009r.tif,3168,4694
NAF9252.009v.tif,3147,4702
NAF9252.010r.tif,3168,4687
NAF9252.010v.tif,3130,4687
NAF9252.011r.tif,3168,4702
NAF9252.011v.tif,3102,4716
NAF9252.012r.tif,3168,4715
NAF9252.012v.tif,3133,4723
NAF9252.013r.tif,3175,4680
NAF9252.013v.tif,3155,4712
NAF9252.014r.tif,3161,4722
NAF9252.014v.tif,3133,4715
NAF9252.015r.tif,3151,4694
NAF9252.015v.tif,3162,4716
NAF9252.016r.tif,3168,4715
NAF9252.016v.tif,3130,4729
NAF9252.017r.tif,3147,4694
NAF9252.017v.tif,3140,4736
NAF9252.018r.tif,3141,4709
NAF9252.018v.tif,3133,4673
NAF9252.019r.tif,3126,4704
NAF9252.019v.tif,3155,4701
NAF9252.020r.tif,3140,4687
NAF9252.020v.tif,3147,4701
NAF9252.021r.tif,3189,4695
NAF9252.021v.tif,3169,4702
NAF9252.022r.tif,3147,4705
NAF9252.022v.tif,3119,4701
NAF9252.023r.tif,3126,4722
NAF9252.023v.tif,3140,4722
NAF9252.024r.tif,3150,4659
NAF9252.024v.tif,3182,4674
NAF9252.025r.tif,3161,4694
NAF9252.025v.tif,3175,4691
NAF9252.026r.tif,3147,4691
NAF9252.026v.tif,3176,4730
NAF9252.027r.tif,3168,4652
NAF9252.027v.tif,3140,4662
NAF9252.028r.tif,3185,4687
NAF9252.028v.tif,3162,4702
NAF9252.029r.tif,3151,4673
NAF9252.029v.tif,3147,4694
NAF9252.030r.tif,3162,4667
NAF9252.030v.tif,3175,4695
NAF9252.031r.tif,3161,4694
NAF9252.031v.tif,3172,4716
NAF9252.032r.tif,3154,4687
NAF9252.032v.tif,3182,4694
NAF9252.033r.tif,3144,4736
NAF9252.033v.tif,3175,4743
NAF9252.034r.tif,3140,4701
NAF9252.034v.tif,3182,4705
NAF9252.035r.tif,3133,4711
NAF9252.035v.tif,3196,4722
NAF9252.036r.tif,3133,4694
NAF9252.036v.tif,3162,4702
NAF9252.037r.tif,3126,4719
NAF9252.037v.tif,3175,4712
NAF9252.038r.tif,3133,4711
NAF9252.038v.tif,3168,4757
NAF9252.039r.tif,3154,4712
NAF9252.039v.tif,3154,4708
NAF9252.040r.tif,3154,4708
NAF9252.040v.tif,3189,4708
NAF9252.endmatter.flyleaf.01r.tif,3196,4732
NAF9252.endmatter.flyleaf.01v.tif,3231,4761
NAF9252.endmatter.flyleaf.02r.tif,3199,4750
NAF9252.endmatter.flyleaf.02v.tif,3238,4761
NAF9252.endmatter.flyleaf.03r.tif,3217,4743
NAF9252.endmatter.flyleaf.03v.tif,3238,4751
NAF9252.endmatter.flyleaf.04r.tif,3276,4792
NAF9252.endmatter.flyleaf.04v.tif,3298,4793
NAF9252.endmatter.pastedown.tif,3423,4925
NAF9252.binding.backcover.tif,3476,4904
NAF9252.binding.spine.tif,316,4831
NAF9252.misc.color.tif,3483,4901
