Arsenal5209.binding.frontcover.tif,2769,3910
Arsenal5209.frontmatter.pastedown.tif,2766,3924
Arsenal5209.frontmatter.flyleaf.01r.tif,2678,3770
Arsenal5209.frontmatter.flyleaf.01v.tif,2559,3756
Arsenal5209.frontmatter.flyleaf.02r.tif,2573,3700
Arsenal5209.frontmatter.flyleaf.02v.tif,2650,3708
Arsenal5209.frontmatter.flyleaf.03r.tif,2650,3701
Arsenal5209.frontmatter.flyleaf.03v.tif,2636,3693
Arsenal5209.001r.tif,2657,3735
Arsenal5209.001v.tif,2650,3714
Arsenal5209.002r.tif,2622,3763
Arsenal5209.002v.tif,2622,3735
Arsenal5209.003r.tif,2640,3763
Arsenal5209.003v.tif,2643,3735
Arsenal5209.004r.tif,2664,3714
Arsenal5209.004v.tif,2650,3721
Arsenal5209.005r.tif,2671,3728
Arsenal5209.005v.tif,2650,3714
Arsenal5209.006r.tif,2636,3756
Arsenal5209.006v.tif,2607,3750
Arsenal5209.007r.tif,2643,3742
Arsenal5209.007v.tif,2629,3756
Arsenal5209.008r.tif,2653,3700
Arsenal5209.008v.tif,2671,3735
Arsenal5209.009r.tif,2650,3785
Arsenal5209.009v.tif,2609,3763
Arsenal5209.010r.tif,2629,3760
Arsenal5209.010v.tif,2630,3749
Arsenal5209.011r.tif,2636,3756
Arsenal5209.011v.tif,2650,3745
Arsenal5209.012r.tif,2647,3763
Arsenal5209.012v.tif,2636,3763
Arsenal5209.013r.tif,2664,3749
Arsenal5209.013v.tif,2643,3770
Arsenal5209.014r.tif,2650,3759
Arsenal5209.014v.tif,2629,3763
Arsenal5209.015r.tif,2629,3784
Arsenal5209.015v.tif,2622,3791
Arsenal5209.016r.tif,2643,3763
Arsenal5209.016v.tif,2643,3756
Arsenal5209.017r.tif,2608,3763
Arsenal5209.017v.tif,2622,3749
Arsenal5209.018r.tif,2615,3770
Arsenal5209.018v.tif,2594,3773
Arsenal5209.019r.tif,2594,3749
Arsenal5209.019v.tif,2619,3763
Arsenal5209.020r.tif,2601,3749
Arsenal5209.020v.tif,2587,3777
Arsenal5209.021r.tif,2636,3735
Arsenal5209.021v.tif,2608,3763
Arsenal5209.022r.tif,2612,3763
Arsenal5209.022v.tif,2622,3773
Arsenal5209.023r.tif,2622,3777
Arsenal5209.023v.tif,2629,3777
Arsenal5209.024r.tif,2643,3770
Arsenal5209.024v.tif,2622,3749
Arsenal5209.025r.tif,2622,3770
Arsenal5209.025v.tif,2619,3784
Arsenal5209.026r.tif,2615,3735
Arsenal5209.026v.tif,2615,3749
Arsenal5209.027r.tif,2622,3763
Arsenal5209.027v.tif,2594,3770
Arsenal5209.028r.tif,2588,3770
Arsenal5209.028v.tif,2580,3777
Arsenal5209.029r.tif,2623,3763
Arsenal5209.029v.tif,2566,3773
Arsenal5209.030r.tif,2615,3756
Arsenal5209.030v.tif,2580,3770
Arsenal5209.031r.tif,2608,3756
Arsenal5209.031v.tif,2604,3763
Arsenal5209.032r.tif,2622,3756
Arsenal5209.032v.tif,2608,3756
Arsenal5209.033r.tif,2636,3760
Arsenal5209.033v.tif,2615,3770
Arsenal5209.034r.tif,2631,3790
Arsenal5209.034v.tif,2577,3777
Arsenal5209.035r.tif,2601,3749
Arsenal5209.035v.tif,2608,3766
Arsenal5209.036r.tif,2602,3763
Arsenal5209.036v.tif,2566,3756
Arsenal5209.037r.tif,2626,3694
Arsenal5209.037v.tif,2594,3714
Arsenal5209.038r.tif,2609,3735
Arsenal5209.038v.tif,2580,3728
Arsenal5209.039r.tif,2594,3784
Arsenal5209.039v.tif,2594,3791
Arsenal5209.040r.tif,2612,3763
Arsenal5209.040v.tif,2587,3766
Arsenal5209.041r.tif,2580,3756
Arsenal5209.041v.tif,2569,3777
Arsenal5209.042r.tif,2608,3735
Arsenal5209.042v.tif,2601,3763
Arsenal5209.043r.tif,2588,3721
Arsenal5209.043v.tif,2591,3742
Arsenal5209.044r.tif,2580,3736
Arsenal5209.044v.tif,2552,3763
Arsenal5209.045r.tif,2573,3767
Arsenal5209.045v.tif,2552,3785
Arsenal5209.046r.tif,2580,3714
Arsenal5209.046v.tif,2552,3724
Arsenal5209.047r.tif,2608,3721
Arsenal5209.047v.tif,2633,3749
Arsenal5209.048r.tif,2615,3763
Arsenal5209.048v.tif,2566,3766
Arsenal5209.049r.tif,2618,3742
Arsenal5209.049v.tif,2552,3770
Arsenal5209.050r.tif,2594,3749
Arsenal5209.050v.tif,2552,3756
Arsenal5209.051r.tif,2636,3777
Arsenal5209.051v.tif,2594,3777
Arsenal5209.052r.tif,2643,3742
Arsenal5209.052v.tif,2594,3735
Arsenal5209.053r.tif,2615,3735
Arsenal5209.053v.tif,2661,3746
Arsenal5209.054r.tif,2654,3757
Arsenal5209.054v.tif,2594,3763
Arsenal5209.055r.tif,2580,3729
Arsenal5209.055v.tif,2559,3763
Arsenal5209.056r.tif,2612,3728
Arsenal5209.056v.tif,2559,3742
Arsenal5209.057r.tif,2601,3750
Arsenal5209.057v.tif,2573,3742
Arsenal5209.058r.tif,2608,3763
Arsenal5209.058v.tif,2559,3759
Arsenal5209.059r.tif,2594,3757
Arsenal5209.059v.tif,2590,3770
Arsenal5209.060r.tif,2601,3728
Arsenal5209.060v.tif,2590,3749
Arsenal5209.061r.tif,2608,3760
Arsenal5209.061v.tif,2573,3771
Arsenal5209.062r.tif,2594,3757
Arsenal5209.062v.tif,2566,3770
Arsenal5209.063r.tif,2601,3749
Arsenal5209.063v.tif,2552,3749
Arsenal5209.064r.tif,2612,3777
Arsenal5209.064v.tif,2552,3777
Arsenal5209.065r.tif,2629,3742
Arsenal5209.065v.tif,2559,3777
Arsenal5209.066r.tif,2636,3742
Arsenal5209.066v.tif,2548,3756
Arsenal5209.067r.tif,2629,3752
Arsenal5209.067v.tif,2566,3742
Arsenal5209.068r.tif,2608,3752
Arsenal5209.068v.tif,2580,3756
Arsenal5209.069r.tif,2629,3735
Arsenal5209.069v.tif,2545,3763
Arsenal5209.070r.tif,2630,3760
Arsenal5209.070v.tif,2570,3749
Arsenal5209.071r.tif,2622,3735
Arsenal5209.071v.tif,2559,3763
Arsenal5209.072r.tif,2615,3753
Arsenal5209.072v.tif,2545,3777
Arsenal5209.073r.tif,2580,3763
Arsenal5209.073v.tif,2528,3778
Arsenal5209.074r.tif,2608,3749
Arsenal5209.074v.tif,2535,3742
Arsenal5209.075r.tif,2594,3728
Arsenal5209.075v.tif,2531,3770
Arsenal5209.076r.tif,2615,3739
Arsenal5209.076v.tif,2545,3742
Arsenal5209.077r.tif,2601,3749
Arsenal5209.077v.tif,2531,3756
Arsenal5209.078r.tif,2596,3747
Arsenal5209.078v.tif,2510,3763
Arsenal5209.079r.tif,2608,3763
Arsenal5209.079v.tif,2532,3756
Arsenal5209.080r.tif,2601,3770
Arsenal5209.080v.tif,2510,3763
Arsenal5209.081r.tif,2608,3735
Arsenal5209.081v.tif,2559,3756
Arsenal5209.082r.tif,2608,3753
Arsenal5209.082v.tif,2553,3753
Arsenal5209.083r.tif,2608,3756
Arsenal5209.083v.tif,2538,3781
Arsenal5209.084r.tif,2615,3721
Arsenal5209.084v.tif,2538,3766
Arsenal5209.085r.tif,2643,3735
Arsenal5209.085v.tif,2545,3728
Arsenal5209.086r.tif,2591,3784
Arsenal5209.086v.tif,2535,3756
Arsenal5209.087r.tif,2626,3763
Arsenal5209.087v.tif,2527,3756
Arsenal5209.088r.tif,2601,3763
Arsenal5209.088v.tif,2538,3784
Arsenal5209.089r.tif,2601,3770
Arsenal5209.089v.tif,2528,3777
Arsenal5209.090r.tif,2629,3770
Arsenal5209.090v.tif,2553,3757
Arsenal5209.091r.tif,2587,3743
Arsenal5209.091v.tif,2499,3651
Arsenal5209.092r.tif,2580,3735
Arsenal5209.092v.tif,2569,3756
Arsenal5209.093r.tif,2580,3749
Arsenal5209.093v.tif,2541,3757
Arsenal5209.094r.tif,2576,3749
Arsenal5209.094v.tif,2552,3749
Arsenal5209.095r.tif,2611,3735
Arsenal5209.095v.tif,2552,3749
Arsenal5209.096r.tif,2580,3735
Arsenal5209.096v.tif,2545,3756
Arsenal5209.097r.tif,2573,3757
Arsenal5209.097v.tif,2539,3756
Arsenal5209.098r.tif,2580,3739
Arsenal5209.098v.tif,2549,3742
Arsenal5209.099r.tif,2542,3735
Arsenal5209.099v.tif,2538,3735
Arsenal5209.100r.tif,2538,3745
Arsenal5209.100v.tif,2531,3749
Arsenal5209.101r.tif,2545,3728
Arsenal5209.101v.tif,2517,3746
Arsenal5209.102r.tif,2531,3735
Arsenal5209.102v.tif,2573,3725
Arsenal5209.103r.tif,2559,3742
Arsenal5209.103v.tif,2574,3735
Arsenal5209.104r.tif,2545,3738
Arsenal5209.104v.tif,2566,3742
Arsenal5209.105r.tif,2573,3749
Arsenal5209.105v.tif,2559,3756
Arsenal5209.106r.tif,2587,3728
Arsenal5209.106v.tif,2574,3752
Arsenal5209.107r.tif,2573,3735
Arsenal5209.107v.tif,2531,3749
Arsenal5209.108r.tif,2559,3742
Arsenal5209.108v.tif,2531,3742
Arsenal5209.109r.tif,2573,3763
Arsenal5209.109v.tif,2552,3756
Arsenal5209.110r.tif,2566,3728
Arsenal5209.110v.tif,2552,3728
Arsenal5209.111r.tif,2573,3735
Arsenal5209.111v.tif,2580,3743
Arsenal5209.112r.tif,2566,3749
Arsenal5209.112v.tif,2552,3753
Arsenal5209.113r.tif,2566,3763
Arsenal5209.113v.tif,2555,3728
Arsenal5209.114r.tif,2566,3756
Arsenal5209.114v.tif,2566,3757
Arsenal5209.115r.tif,2562,3749
Arsenal5209.115v.tif,2566,3739
Arsenal5209.116r.tif,2555,3770
Arsenal5209.116v.tif,2552,3756
Arsenal5209.117r.tif,2566,3766
Arsenal5209.117v.tif,2545,3756
Arsenal5209.118r.tif,2573,3749
Arsenal5209.118v.tif,2552,3749
Arsenal5209.119r.tif,2566,3742
Arsenal5209.119v.tif,2552,3767
Arsenal5209.120r.tif,2569,3728
Arsenal5209.120v.tif,2552,3738
Arsenal5209.121r.tif,2545,3750
Arsenal5209.121v.tif,2552,3749
Arsenal5209.122r.tif,2567,3728
Arsenal5209.122v.tif,2559,3728
Arsenal5209.123r.tif,2552,3714
Arsenal5209.123v.tif,2545,3728
Arsenal5209.124r.tif,2573,3700
Arsenal5209.124v.tif,2552,3700
Arsenal5209.125r.tif,2559,3693
Arsenal5209.125v.tif,2552,3714
Arsenal5209.126r.tif,2552,3742
Arsenal5209.126v.tif,2538,3735
Arsenal5209.127r.tif,2573,3749
Arsenal5209.127v.tif,2552,3722
Arsenal5209.128r.tif,2548,3742
Arsenal5209.128v.tif,2538,3735
Arsenal5209.129r.tif,2566,3735
Arsenal5209.129v.tif,2552,3742
Arsenal5209.130r.tif,2552,3742
Arsenal5209.130v.tif,2545,3735
Arsenal5209.131r.tif,2559,3735
Arsenal5209.131v.tif,2559,3757
Arsenal5209.132r.tif,2573,3749
Arsenal5209.132v.tif,2559,3763
Arsenal5209.133r.tif,2566,3749
Arsenal5209.133v.tif,2552,3735
Arsenal5209.134r.tif,2573,3756
Arsenal5209.134v.tif,2552,3752
Arsenal5209.135r.tif,2566,3742
Arsenal5209.135v.tif,2534,3735
Arsenal5209.136r.tif,2566,3728
Arsenal5209.136v.tif,2531,3742
Arsenal5209.137r.tif,2552,3721
Arsenal5209.137v.tif,2538,3721
Arsenal5209.138r.tif,2559,3728
Arsenal5209.138v.tif,2552,3735
Arsenal5209.139r.tif,2601,3693
Arsenal5209.139v.tif,2594,3714
Arsenal5209.140r.tif,2538,3721
Arsenal5209.140v.tif,2538,3714
Arsenal5209.141r.tif,2570,3707
Arsenal5209.141v.tif,2552,3728
Arsenal5209.142r.tif,2587,3732
Arsenal5209.142v.tif,2559,3739
Arsenal5209.143r.tif,2545,3707
Arsenal5209.143v.tif,2559,3718
Arsenal5209.144r.tif,2552,3725
Arsenal5209.144v.tif,2545,3724
Arsenal5209.145r.tif,2580,3686
Arsenal5209.145v.tif,2580,3693
Arsenal5209.146r.tif,2566,3728
Arsenal5209.146v.tif,2545,3742
Arsenal5209.147r.tif,2559,3756
Arsenal5209.147v.tif,2541,3749
Arsenal5209.148r.tif,2559,3749
Arsenal5209.148v.tif,2545,3756
Arsenal5209.149r.tif,2556,3750
Arsenal5209.149v.tif,2538,3770
Arsenal5209.150r.tif,2560,3739
Arsenal5209.150v.tif,2552,3763
Arsenal5209.151r.tif,2559,3728
Arsenal5209.151v.tif,2545,3742
Arsenal5209.152r.tif,2549,3756
Arsenal5209.152v.tif,2538,3756
Arsenal5209.153r.tif,2573,3728
Arsenal5209.153v.tif,2545,3735
Arsenal5209.154r.tif,2573,3735
Arsenal5209.154v.tif,2566,3735
Arsenal5209.155r.tif,2559,3742
Arsenal5209.155v.tif,2552,3756
Arsenal5209.156r.tif,2580,3739
Arsenal5209.156v.tif,2545,3742
Arsenal5209.157r.tif,2580,3725
Arsenal5209.157v.tif,2552,3735
Arsenal5209.158r.tif,2594,3735
Arsenal5209.158v.tif,2538,3742
Arsenal5209.159r.tif,2587,3749
Arsenal5209.159v.tif,2566,3743
Arsenal5209.160r.tif,2580,3742
Arsenal5209.160v.tif,2575,3766
Arsenal5209.161r.tif,2602,3735
Arsenal5209.161v.tif,2566,3749
Arsenal5209.162r.tif,2615,3721
Arsenal5209.162v.tif,2594,3729
Arsenal5209.163r.tif,2612,3742
Arsenal5209.163v.tif,2601,3728
Arsenal5209.164r.tif,2594,3749
Arsenal5209.164v.tif,2573,3749
Arsenal5209.165r.tif,2595,3732
Arsenal5209.165v.tif,2559,3749
Arsenal5209.166r.tif,2598,3735
Arsenal5209.166v.tif,2580,3750
Arsenal5209.167r.tif,2591,3735
Arsenal5209.167v.tif,2581,3743
Arsenal5209.168r.tif,2573,3735
Arsenal5209.168v.tif,2570,3742
Arsenal5209.169r.tif,2594,3721
Arsenal5209.169v.tif,2576,3742
Arsenal5209.170r.tif,2619,3728
Arsenal5209.170v.tif,2601,3735
Arsenal5209.171r.tif,2671,3726
Arsenal5209.171v.tif,2609,3707
Arsenal5209.172r.tif,2601,3735
Arsenal5209.172v.tif,2584,3749
Arsenal5209.endmatter.flyleaf.01r.tif,2601,3728
Arsenal5209.endmatter.flyleaf.01v.tif,2594,3735
Arsenal5209.endmatter.flyleaf.02r.tif,2597,3735
Arsenal5209.endmatter.flyleaf.02v.tif,2598,3756
Arsenal5209.endmatter.flyleaf.03r.tif,2629,3753
Arsenal5209.endmatter.flyleaf.03v.tif,2601,3721
Arsenal5209.endmatter.flyleaf.04r.tif,2601,3735
Arsenal5209.endmatter.flyleaf.04v.tif,2608,3728
Arsenal5209.endmatter.flyleaf.05r.tif,2604,3735
Arsenal5209.endmatter.flyleaf.05v.tif,2622,3721
Arsenal5209.endmatter.flyleaf.06r.tif,2699,3735
Arsenal5209.endmatter.flyleaf.06v.tif,2643,3728
Arsenal5209.endmatter.flyleaf.07r.tif,2650,3715
Arsenal5209.endmatter.flyleaf.07v.tif,2643,3714
Arsenal5209.endmatter.flyleaf.08r.tif,2651,3718
Arsenal5209.endmatter.flyleaf.08v.tif,2657,3700
Arsenal5209.endmatter.flyleaf.09r.tif,2650,3686
Arsenal5209.endmatter.flyleaf.09v.tif,2612,3707
Arsenal5209.endmatter.flyleaf.10r.tif,2650,3714
Arsenal5209.endmatter.flyleaf.10v.tif,2622,3718
Arsenal5209.endmatter.flyleaf.11r.tif,2657,3708
Arsenal5209.endmatter.flyleaf.11v.tif,2580,3711
Arsenal5209.endmatter.flyleaf.12r.tif,2622,3757
Arsenal5209.endmatter.flyleaf.12v.tif,2629,3749
Arsenal5209.endmatter.pastedown.tif,2787,3911
Arsenal5209.binding.backcover.tif,2832,3903
Arsenal5209.binding.spine.tif,711,3875
