Arsenal3172.binding.frontcover.tif,3243,4378
Arsenal3172.frontmatter.pastedown.tif,3156,4374
Arsenal3172.frontmatter.flyleaf.01r.tif,3064,4283
Arsenal3172.frontmatter.flyleaf.01v.tif,3053,4306
Arsenal3172.frontmatter.flyleaf.02r.tif,3066,4283
Arsenal3172.frontmatter.flyleaf.02v.tif,3063,4299
Arsenal3172.frontmatter.flyleaf.03r.tif,3066,4283
Arsenal3172.frontmatter.flyleaf.03v.tif,3084,4299
Arsenal3172.frontmatter.flyleaf.04r.tif,3066,4283
Arsenal3172.frontmatter.flyleaf.04v.tif,3084,4299
Arsenal3172.001r.tif,2970,4269
Arsenal3172.001v.tif,3011,4322
Arsenal3172.002r.tif,2976,4269
Arsenal3172.002v.tif,3006,4322
Arsenal3172.003r.tif,2964,4264
Arsenal3172.003v.tif,3006,4322
Arsenal3172.004r.tif,2976,4264
Arsenal3172.004v.tif,2982,4314
Arsenal3172.005r.tif,2988,4289
Arsenal3172.005v.tif,2973,4326
Arsenal3172.006r.tif,2982,4289
Arsenal3172.006v.tif,2973,4326
Arsenal3172.007r.tif,2988,4282
Arsenal3172.007v.tif,2973,4296
Arsenal3172.008r.tif,2982,4294
Arsenal3172.008v.tif,2955,4296
Arsenal3172.009r.tif,2982,4294
Arsenal3172.009v.tif,2943,4296
Arsenal3172.010r.tif,2982,4294
Arsenal3172.010v.tif,2943,4296
Arsenal3172.011r.tif,2972,4294
Arsenal3172.011v.tif,2943,4296
Arsenal3172.012r.tif,2964,4288
Arsenal3172.012v.tif,2943,4296
Arsenal3172.013r.tif,2964,4288
Arsenal3172.013v.tif,2943,4303
Arsenal3172.014r.tif,2964,4288
Arsenal3172.014v.tif,2943,4304
Arsenal3172.015r.tif,2970,4281
Arsenal3172.015v.tif,2934,4290
Arsenal3172.016r.tif,2958,4281
Arsenal3172.016v.tif,2934,4290
Arsenal3172.017r.tif,2964,4281
Arsenal3172.017v.tif,2946,4315
Arsenal3172.018r.tif,2958,4281
Arsenal3172.018v.tif,2958,4315
Arsenal3172.019r.tif,2946,4287
Arsenal3172.019v.tif,2916,4290
Arsenal3172.020r.tif,2946,4284
Arsenal3172.020v.tif,2916,4279
Arsenal3172.021r.tif,2946,4284
Arsenal3172.021v.tif,2916,4291
Arsenal3172.022r.tif,2958,4278
Arsenal3172.022v.tif,2916,4291
Arsenal3172.023r.tif,2934,4278
Arsenal3172.023v.tif,2916,4291
Arsenal3172.024r.tif,2934,4278
Arsenal3172.024v.tif,2925,4291
Arsenal3172.025r.tif,2934,4278
Arsenal3172.025v.tif,2925,4305
Arsenal3172.026r.tif,2934,4278
Arsenal3172.026v.tif,2925,4305
Arsenal3172.027r.tif,2934,4308
Arsenal3172.027v.tif,2925,4305
Arsenal3172.028r.tif,2941,4302
Arsenal3172.028v.tif,2925,4305
Arsenal3172.029r.tif,2941,4302
Arsenal3172.029v.tif,2900,4301
Arsenal3172.030r.tif,2941,4302
Arsenal3172.030v.tif,2900,4301
Arsenal3172.031r.tif,2941,4302
Arsenal3172.031v.tif,2900,4301
Arsenal3172.032r.tif,2947,4302
Arsenal3172.032v.tif,2913,4301
Arsenal3172.033r.tif,2940,4302
Arsenal3172.033v.tif,2907,4319
Arsenal3172.034r.tif,2940,4290
Arsenal3172.034v.tif,2904,4314
Arsenal3172.035r.tif,2940,4290
Arsenal3172.035v.tif,2904,4290
Arsenal3172.036r.tif,2940,4308
Arsenal3172.036v.tif,2904,4290
Arsenal3172.037r.tif,2940,4308
Arsenal3172.037v.tif,2904,4309
Arsenal3172.038r.tif,2936,4300
Arsenal3172.038v.tif,2904,4309
Arsenal3172.039r.tif,2936,4300
Arsenal3172.039v.tif,2904,4309
Arsenal3172.040r.tif,2936,4300
Arsenal3172.040v.tif,2904,4309
Arsenal3172.041r.tif,2936,4300
Arsenal3172.041v.tif,2904,4309
Arsenal3172.042r.tif,2936,4300
Arsenal3172.042v.tif,2904,4309
Arsenal3172.043r.tif,2936,4294
Arsenal3172.043v.tif,2904,4309
Arsenal3172.044r.tif,2910,4294
Arsenal3172.044v.tif,2886,4298
Arsenal3172.045r.tif,2910,4294
Arsenal3172.045v.tif,2873,4287
Arsenal3172.046r.tif,2910,4294
Arsenal3172.046v.tif,2873,4294
Arsenal3172.047r.tif,2910,4292
Arsenal3172.047v.tif,2873,4294
Arsenal3172.048r.tif,2910,4292
Arsenal3172.048v.tif,2873,4282
Arsenal3172.049r.tif,2904,4292
Arsenal3172.049v.tif,2873,4276
Arsenal3172.050r.tif,2904,4292
Arsenal3172.050v.tif,2873,4276
Arsenal3172.051r.tif,2904,4292
Arsenal3172.051v.tif,2865,4283
Arsenal3172.052r.tif,2904,4304
Arsenal3172.052v.tif,2873,4271
Arsenal3172.053r.tif,2904,4304
Arsenal3172.053v.tif,2873,4271
Arsenal3172.054r.tif,2904,4304
Arsenal3172.054v.tif,2873,4271
Arsenal3172.055r.tif,2904,4304
Arsenal3172.055v.tif,2873,4271
Arsenal3172.056r.tif,2904,4304
Arsenal3172.056v.tif,2873,4283
Arsenal3172.057r.tif,2904,4304
Arsenal3172.057v.tif,2873,4290
Arsenal3172.058r.tif,2904,4304
Arsenal3172.058v.tif,2873,4283
Arsenal3172.059r.tif,2899,4304
Arsenal3172.059v.tif,2856,4283
Arsenal3172.060r.tif,2899,4304
Arsenal3172.060v.tif,2856,4296
Arsenal3172.061r.tif,2899,4304
Arsenal3172.061v.tif,2862,4296
Arsenal3172.062r.tif,2899,4304
Arsenal3172.062v.tif,2862,4303
Arsenal3172.063r.tif,2899,4304
Arsenal3172.063v.tif,2862,4303
Arsenal3172.064r.tif,2899,4304
Arsenal3172.064v.tif,2862,4297
Arsenal3172.065r.tif,2886,4291
Arsenal3172.065v.tif,2862,4297
Arsenal3172.066r.tif,2886,4297
Arsenal3172.066v.tif,2862,4297
Arsenal3172.067r.tif,2893,4297
Arsenal3172.067v.tif,2862,4297
Arsenal3172.068r.tif,2893,4297
Arsenal3172.068v.tif,2862,4297
Arsenal3172.069r.tif,2893,4297
Arsenal3172.069v.tif,2862,4316
Arsenal3172.070r.tif,2893,4297
Arsenal3172.070v.tif,2862,4316
Arsenal3172.071r.tif,2893,4302
Arsenal3172.071v.tif,2862,4310
Arsenal3172.072r.tif,2893,4302
Arsenal3172.072v.tif,2876,4304
Arsenal3172.073r.tif,2881,4302
Arsenal3172.073v.tif,2862,4311
Arsenal3172.074r.tif,2881,4296
Arsenal3172.074v.tif,2862,4299
Arsenal3172.075r.tif,2893,4296
Arsenal3172.075v.tif,2862,4299
Arsenal3172.076r.tif,2893,4296
Arsenal3172.076v.tif,2862,4299
Arsenal3172.077r.tif,2893,4296
Arsenal3172.077v.tif,2862,4299
Arsenal3172.078r.tif,2893,4296
Arsenal3172.078v.tif,2862,4299
Arsenal3172.079r.tif,2888,4296
Arsenal3172.079v.tif,2844,4299
Arsenal3172.080r.tif,2888,4296
Arsenal3172.080v.tif,2848,4294
Arsenal3172.081r.tif,2894,4296
Arsenal3172.081v.tif,2848,4289
Arsenal3172.082r.tif,2894,4296
Arsenal3172.082v.tif,2848,4289
Arsenal3172.083r.tif,2894,4296
Arsenal3172.083v.tif,2848,4284
Arsenal3172.084r.tif,2894,4296
Arsenal3172.084v.tif,2848,4284
Arsenal3172.085r.tif,2887,4296
Arsenal3172.085v.tif,2860,4303
Arsenal3172.086r.tif,2887,4296
Arsenal3172.086v.tif,2862,4291
Arsenal3172.087r.tif,2887,4296
Arsenal3172.087v.tif,2852,4309
Arsenal3172.088r.tif,2887,4296
Arsenal3172.088v.tif,2866,4297
Arsenal3172.089r.tif,2881,4296
Arsenal3172.089v.tif,2838,4304
Arsenal3172.090r.tif,2881,4296
Arsenal3172.090v.tif,2848,4297
Arsenal3172.091r.tif,2881,4296
Arsenal3172.091v.tif,2841,4305
Arsenal3172.092r.tif,2886,4301
Arsenal3172.092v.tif,2841,4305
Arsenal3172.093r.tif,2880,4301
Arsenal3172.093v.tif,2845,4298
Arsenal3172.094r.tif,2880,4301
Arsenal3172.094v.tif,2857,4287
Arsenal3172.095r.tif,2887,4301
Arsenal3172.095v.tif,2826,4280
Arsenal3172.096r.tif,2892,4300
Arsenal3172.096v.tif,2853,4287
Arsenal3172.097r.tif,2886,4300
Arsenal3172.097v.tif,2844,4287
Arsenal3172.098r.tif,2874,4308
Arsenal3172.098v.tif,2844,4287
Arsenal3172.099r.tif,2886,4300
Arsenal3172.099v.tif,2844,4287
Arsenal3172.100r.tif,2874,4308
Arsenal3172.100v.tif,2849,4287
Arsenal3172.101r.tif,2874,4308
Arsenal3172.101v.tif,2849,4299
Arsenal3172.102r.tif,2874,4308
Arsenal3172.102v.tif,2849,4281
Arsenal3172.103r.tif,2874,4308
Arsenal3172.103v.tif,2848,4281
Arsenal3172.104r.tif,2874,4308
Arsenal3172.104v.tif,2854,4281
Arsenal3172.105r.tif,2874,4308
Arsenal3172.105v.tif,2845,4281
Arsenal3172.106r.tif,2874,4308
Arsenal3172.106v.tif,2845,4277
Arsenal3172.107r.tif,2874,4308
Arsenal3172.107v.tif,2850,4277
Arsenal3172.108r.tif,2874,4306
Arsenal3172.108v.tif,2850,4287
Arsenal3172.109r.tif,2874,4306
Arsenal3172.109v.tif,2856,4287
Arsenal3172.110r.tif,2874,4306
Arsenal3172.110v.tif,2856,4287
Arsenal3172.111r.tif,2874,4306
Arsenal3172.111v.tif,2856,4287
Arsenal3172.112r.tif,2874,4306
Arsenal3172.112v.tif,2838,4287
Arsenal3172.113r.tif,2874,4306
Arsenal3172.113v.tif,2838,4287
Arsenal3172.114r.tif,2880,4306
Arsenal3172.114v.tif,2838,4276
Arsenal3172.115r.tif,2880,4306
Arsenal3172.115v.tif,2838,4276
Arsenal3172.116r.tif,2880,4306
Arsenal3172.116v.tif,2820,4294
Arsenal3172.117r.tif,2880,4306
Arsenal3172.117v.tif,2850,4283
Arsenal3172.118r.tif,2880,4306
Arsenal3172.118v.tif,2850,4277
Arsenal3172.119r.tif,2880,4306
Arsenal3172.119v.tif,2850,4277
Arsenal3172.120r.tif,2880,4306
Arsenal3172.120v.tif,2838,4277
Arsenal3172.121r.tif,2868,4306
Arsenal3172.121v.tif,2848,4277
Arsenal3172.122r.tif,2868,4306
Arsenal3172.122v.tif,2836,4277
Arsenal3172.123r.tif,2868,4306
Arsenal3172.123v.tif,2824,4277
Arsenal3172.124r.tif,2868,4306
Arsenal3172.124v.tif,2838,4278
Arsenal3172.125r.tif,2880,4306
Arsenal3172.125v.tif,2844,4290
Arsenal3172.126r.tif,2879,4306
Arsenal3172.126v.tif,2844,4290
Arsenal3172.127r.tif,2879,4294
Arsenal3172.127v.tif,2844,4279
Arsenal3172.128r.tif,2879,4294
Arsenal3172.128v.tif,2848,4279
Arsenal3172.129r.tif,2874,4294
Arsenal3172.129v.tif,2842,4279
Arsenal3172.130r.tif,2874,4294
Arsenal3172.130v.tif,2842,4297
Arsenal3172.131r.tif,2874,4294
Arsenal3172.131v.tif,2842,4297
Arsenal3172.132r.tif,2874,4294
Arsenal3172.132v.tif,2862,4292
Arsenal3172.133r.tif,2874,4314
Arsenal3172.133v.tif,2856,4292
Arsenal3172.134r.tif,2880,4326
Arsenal3172.134v.tif,2856,4286
Arsenal3172.135r.tif,2880,4326
Arsenal3172.135v.tif,2850,4286
Arsenal3172.136r.tif,2880,4320
Arsenal3172.136v.tif,2862,4286
Arsenal3172.137r.tif,2880,4320
Arsenal3172.137v.tif,2848,4286
Arsenal3172.138r.tif,2880,4320
Arsenal3172.138v.tif,2826,4286
Arsenal3172.139r.tif,2880,4320
Arsenal3172.139v.tif,2826,4286
Arsenal3172.140r.tif,2880,4320
Arsenal3172.140v.tif,2844,4286
Arsenal3172.141r.tif,2880,4320
Arsenal3172.141v.tif,2844,4286
Arsenal3172.142r.tif,2880,4320
Arsenal3172.142v.tif,2844,4286
Arsenal3172.143r.tif,2880,4321
Arsenal3172.143v.tif,2853,4286
Arsenal3172.144r.tif,2882,4309
Arsenal3172.144v.tif,2856,4270
Arsenal3172.145r.tif,2873,4290
Arsenal3172.145v.tif,2850,4300
Arsenal3172.146r.tif,2862,4290
Arsenal3172.146v.tif,2879,4300
Arsenal3172.147r.tif,2850,4314
Arsenal3172.147v.tif,2879,4300
Arsenal3172.148r.tif,2868,4308
Arsenal3172.148v.tif,2886,4300
Arsenal3172.149r.tif,2862,4308
Arsenal3172.149v.tif,2880,4295
Arsenal3172.150r.tif,2862,4308
Arsenal3172.150v.tif,2868,4295
Arsenal3172.151r.tif,2862,4308
Arsenal3172.151v.tif,2874,4283
Arsenal3172.152r.tif,2862,4308
Arsenal3172.152v.tif,2887,4283
Arsenal3172.153r.tif,2862,4308
Arsenal3172.153v.tif,2881,4296
Arsenal3172.154r.tif,2862,4308
Arsenal3172.154v.tif,2885,4295
Arsenal3172.155r.tif,2862,4308
Arsenal3172.155v.tif,2885,4295
Arsenal3172.156r.tif,2855,4312
Arsenal3172.156v.tif,2898,4302
Arsenal3172.157r.tif,2861,4306
Arsenal3172.157v.tif,2886,4302
Arsenal3172.158r.tif,2867,4313
Arsenal3172.158v.tif,2886,4302
Arsenal3172.159r.tif,2867,4306
Arsenal3172.159v.tif,2886,4302
Arsenal3172.160r.tif,2861,4306
Arsenal3172.160v.tif,2886,4302
Arsenal3172.161r.tif,2861,4306
Arsenal3172.161v.tif,2877,4311
Arsenal3172.162r.tif,2861,4306
Arsenal3172.162v.tif,2877,4311
Arsenal3172.163r.tif,2861,4306
Arsenal3172.163v.tif,2886,4311
Arsenal3172.164r.tif,2861,4306
Arsenal3172.164v.tif,2892,4305
Arsenal3172.165r.tif,2861,4306
Arsenal3172.165v.tif,2880,4305
Arsenal3172.166r.tif,2855,4306
Arsenal3172.166v.tif,2880,4305
Arsenal3172.167r.tif,2855,4306
Arsenal3172.167v.tif,2880,4294
Arsenal3172.168r.tif,2855,4306
Arsenal3172.168v.tif,2880,4294
Arsenal3172.169r.tif,2855,4306
Arsenal3172.169v.tif,2880,4294
Arsenal3172.170r.tif,2855,4294
Arsenal3172.170v.tif,2868,4294
Arsenal3172.171r.tif,2851,4294
Arsenal3172.171v.tif,2866,4296
Arsenal3172.172r.tif,2862,4300
Arsenal3172.172v.tif,2886,4290
Arsenal3172.173r.tif,2856,4300
Arsenal3172.173v.tif,2868,4294
Arsenal3172.174r.tif,2850,4299
Arsenal3172.174v.tif,2868,4294
Arsenal3172.175r.tif,2856,4299
Arsenal3172.175v.tif,2868,4294
Arsenal3172.176r.tif,2856,4299
Arsenal3172.176v.tif,2868,4294
Arsenal3172.177r.tif,2868,4299
Arsenal3172.177v.tif,2880,4294
Arsenal3172.178r.tif,2868,4299
Arsenal3172.178v.tif,2869,4294
Arsenal3172.179r.tif,2850,4299
Arsenal3172.179v.tif,2880,4294
Arsenal3172.180r.tif,2850,4299
Arsenal3172.180v.tif,2862,4294
Arsenal3172.181r.tif,2856,4285
Arsenal3172.181v.tif,2862,4296
Arsenal3172.182r.tif,2862,4285
Arsenal3172.182v.tif,2862,4296
Arsenal3172.183r.tif,2862,4290
Arsenal3172.183v.tif,2868,4296
Arsenal3172.184r.tif,2862,4290
Arsenal3172.184v.tif,2880,4290
Arsenal3172.185r.tif,2862,4290
Arsenal3172.185v.tif,2886,4290
Arsenal3172.186r.tif,2873,4290
Arsenal3172.186v.tif,2862,4302
Arsenal3172.187r.tif,2862,4290
Arsenal3172.187v.tif,2886,4290
Arsenal3172.188r.tif,2862,4290
Arsenal3172.188v.tif,2886,4290
Arsenal3172.189r.tif,2845,4279
Arsenal3172.189v.tif,2879,4290
Arsenal3172.190r.tif,2874,4284
Arsenal3172.190v.tif,2879,4290
Arsenal3172.191r.tif,2874,4284
Arsenal3172.191v.tif,2879,4296
Arsenal3172.192r.tif,2874,4284
Arsenal3172.192v.tif,2879,4296
Arsenal3172.193r.tif,2862,4284
Arsenal3172.193v.tif,2879,4296
Arsenal3172.194r.tif,2837,4278
Arsenal3172.194v.tif,2879,4296
Arsenal3172.195r.tif,2838,4296
Arsenal3172.195v.tif,2892,4302
Arsenal3172.196r.tif,2850,4296
Arsenal3172.196v.tif,2880,4293
Arsenal3172.197r.tif,2845,4302
Arsenal3172.197v.tif,2892,4293
Arsenal3172.198r.tif,2874,4290
Arsenal3172.198v.tif,2892,4293
Arsenal3172.199r.tif,2874,4290
Arsenal3172.199v.tif,2904,4293
Arsenal3172.200r.tif,2874,4290
Arsenal3172.200v.tif,2892,4307
Arsenal3172.201r.tif,2874,4290
Arsenal3172.201v.tif,2904,4308
Arsenal3172.202r.tif,2862,4290
Arsenal3172.202v.tif,2904,4308
Arsenal3172.203r.tif,2874,4290
Arsenal3172.203v.tif,2904,4308
Arsenal3172.204r.tif,2861,4290
Arsenal3172.204v.tif,2904,4303
Arsenal3172.205r.tif,2861,4296
Arsenal3172.205v.tif,2898,4303
Arsenal3172.206r.tif,2861,4296
Arsenal3172.206v.tif,2898,4303
Arsenal3172.207r.tif,2861,4296
Arsenal3172.207v.tif,2892,4320
Arsenal3172.208r.tif,2861,4296
Arsenal3172.208v.tif,2898,4311
Arsenal3172.209r.tif,2861,4296
Arsenal3172.209v.tif,2904,4311
Arsenal3172.210r.tif,2861,4308
Arsenal3172.210v.tif,2868,4312
Arsenal3172.211r.tif,2855,4308
Arsenal3172.211v.tif,2880,4312
Arsenal3172.212r.tif,2861,4308
Arsenal3172.212v.tif,2880,4300
Arsenal3172.213r.tif,2879,4302
Arsenal3172.213v.tif,2880,4300
Arsenal3172.214r.tif,2879,4302
Arsenal3172.214v.tif,2887,4300
Arsenal3172.215r.tif,2879,4302
Arsenal3172.215v.tif,2887,4300
Arsenal3172.216r.tif,2879,4302
Arsenal3172.216v.tif,2891,4307
Arsenal3172.217r.tif,2873,4302
Arsenal3172.217v.tif,2891,4307
Arsenal3172.218r.tif,2873,4302
Arsenal3172.218v.tif,2891,4307
Arsenal3172.219r.tif,2867,4302
Arsenal3172.219v.tif,2891,4307
Arsenal3172.220r.tif,2849,4308
Arsenal3172.220v.tif,2891,4307
Arsenal3172.221r.tif,2868,4308
Arsenal3172.221v.tif,2891,4307
Arsenal3172.222r.tif,2868,4308
Arsenal3172.222v.tif,2891,4307
Arsenal3172.223r.tif,2868,4308
Arsenal3172.223v.tif,2891,4307
Arsenal3172.224r.tif,2874,4308
Arsenal3172.224v.tif,2892,4307
Arsenal3172.225r.tif,2874,4308
Arsenal3172.225v.tif,2897,4307
Arsenal3172.226r.tif,2880,4314
Arsenal3172.226v.tif,2903,4320
Arsenal3172.227r.tif,2868,4314
Arsenal3172.227v.tif,2911,4320
Arsenal3172.228r.tif,2856,4314
Arsenal3172.228v.tif,2911,4320
Arsenal3172.229r.tif,2880,4314
Arsenal3172.229v.tif,2911,4320
Arsenal3172.230r.tif,2880,4314
Arsenal3172.230v.tif,2910,4320
Arsenal3172.231r.tif,2874,4314
Arsenal3172.231v.tif,2916,4320
Arsenal3172.232r.tif,2874,4314
Arsenal3172.232v.tif,2916,4320
Arsenal3172.233r.tif,2874,4314
Arsenal3172.233v.tif,2916,4290
Arsenal3172.234r.tif,2874,4314
Arsenal3172.234v.tif,2905,4309
Arsenal3172.235r.tif,2881,4314
Arsenal3172.235v.tif,2905,4309
Arsenal3172.236r.tif,2881,4308
Arsenal3172.236v.tif,2905,4309
Arsenal3172.237r.tif,2881,4302
Arsenal3172.237v.tif,2910,4313
Arsenal3172.238r.tif,2881,4314
Arsenal3172.238v.tif,2910,4313
Arsenal3172.239r.tif,2887,4308
Arsenal3172.239v.tif,2910,4313
Arsenal3172.240r.tif,2875,4308
Arsenal3172.240v.tif,2910,4313
Arsenal3172.241r.tif,2892,4308
Arsenal3172.241v.tif,2910,4313
Arsenal3172.242r.tif,2881,4308
Arsenal3172.242v.tif,2922,4308
Arsenal3172.243r.tif,2875,4308
Arsenal3172.243v.tif,2922,4308
Arsenal3172.244r.tif,2880,4296
Arsenal3172.244v.tif,2922,4308
Arsenal3172.245r.tif,2880,4296
Arsenal3172.245v.tif,2920,4308
Arsenal3172.246r.tif,2880,4296
Arsenal3172.246v.tif,2920,4308
Arsenal3172.247r.tif,2894,4296
Arsenal3172.247v.tif,2934,4311
Arsenal3172.248r.tif,2894,4296
Arsenal3172.248v.tif,2940,4311
Arsenal3172.249r.tif,2894,4296
Arsenal3172.249v.tif,2953,4311
Arsenal3172.250r.tif,2894,4296
Arsenal3172.250v.tif,2953,4311
Arsenal3172.251r.tif,2894,4296
Arsenal3172.251v.tif,2953,4311
Arsenal3172.252r.tif,2894,4296
Arsenal3172.252v.tif,2953,4316
Arsenal3172.253r.tif,2894,4296
Arsenal3172.253v.tif,2953,4322
Arsenal3172.254r.tif,2894,4296
Arsenal3172.254v.tif,2946,4322
Arsenal3172.255r.tif,2894,4296
Arsenal3172.255v.tif,2946,4322
Arsenal3172.256r.tif,2894,4296
Arsenal3172.256v.tif,2951,4327
Arsenal3172.257r.tif,2906,4296
Arsenal3172.257v.tif,2951,4327
Arsenal3172.258r.tif,2906,4296
Arsenal3172.258v.tif,2951,4327
Arsenal3172.259r.tif,2906,4296
Arsenal3172.259v.tif,2951,4327
Arsenal3172.260r.tif,2906,4296
Arsenal3172.260v.tif,2958,4338
Arsenal3172.261r.tif,2916,4296
Arsenal3172.261v.tif,2958,4338
Arsenal3172.262r.tif,2916,4296
Arsenal3172.262v.tif,2964,4332
Arsenal3172.263r.tif,2916,4296
Arsenal3172.263v.tif,2964,4332
Arsenal3172.264r.tif,2916,4296
Arsenal3172.264v.tif,2964,4332
Arsenal3172.265r.tif,2916,4296
Arsenal3172.265v.tif,2968,4332
Arsenal3172.266r.tif,2916,4296
Arsenal3172.266v.tif,2968,4332
Arsenal3172.267r.tif,2916,4296
Arsenal3172.267v.tif,2968,4327
Arsenal3172.268r.tif,2916,4296
Arsenal3172.268v.tif,2957,4327
Arsenal3172.269r.tif,2916,4296
Arsenal3172.269v.tif,2956,4327
Arsenal3172.270r.tif,2916,4296
Arsenal3172.270v.tif,2974,4327
Arsenal3172.271r.tif,2916,4296
Arsenal3172.271v.tif,2974,4327
Arsenal3172.272r.tif,2921,4296
Arsenal3172.272v.tif,2967,4327
Arsenal3172.273r.tif,2921,4296
Arsenal3172.273v.tif,2967,4327
Arsenal3172.274r.tif,2921,4296
Arsenal3172.274v.tif,2967,4327
Arsenal3172.275r.tif,2921,4296
Arsenal3172.275v.tif,2967,4327
Arsenal3172.276r.tif,2921,4296
Arsenal3172.276v.tif,2967,4327
Arsenal3172.277r.tif,2921,4296
Arsenal3172.277v.tif,2967,4327
Arsenal3172.278r.tif,2921,4320
Arsenal3172.278v.tif,2967,4346
Arsenal3172.279r.tif,2934,4320
Arsenal3172.279v.tif,2950,4328
Arsenal3172.280r.tif,2934,4307
Arsenal3172.280v.tif,2950,4328
Arsenal3172.281r.tif,2946,4307
Arsenal3172.281v.tif,2964,4322
Arsenal3172.282r.tif,2966,4307
Arsenal3172.282v.tif,2964,4318
Arsenal3172.283r.tif,2966,4307
Arsenal3172.283v.tif,2964,4318
Arsenal3172.284r.tif,2972,4318
Arsenal3172.284v.tif,2964,4318
Arsenal3172.285r.tif,2965,4318
Arsenal3172.285v.tif,2982,4312
Arsenal3172.286r.tif,2965,4306
Arsenal3172.286v.tif,2964,4312
Arsenal3172.287r.tif,2965,4306
Arsenal3172.287v.tif,2964,4306
Arsenal3172.288r.tif,2979,4306
Arsenal3172.288v.tif,2964,4306
Arsenal3172.289r.tif,2979,4306
Arsenal3172.289v.tif,2980,4306
Arsenal3172.290r.tif,2979,4306
Arsenal3172.290v.tif,2969,4306
Arsenal3172.291r.tif,2982,4306
Arsenal3172.291v.tif,2982,4306
Arsenal3172.292r.tif,2982,4306
Arsenal3172.292v.tif,2982,4306
Arsenal3172.293r.tif,2988,4306
Arsenal3172.293v.tif,2970,4306
Arsenal3172.294r.tif,2988,4306
Arsenal3172.294v.tif,2976,4306
Arsenal3172.295r.tif,2988,4306
Arsenal3172.295v.tif,2976,4306
Arsenal3172.296r.tif,2980,4296
Arsenal3172.296v.tif,2976,4306
Arsenal3172.297r.tif,2993,4314
Arsenal3172.297v.tif,2987,4306
Arsenal3172.298r.tif,2993,4314
Arsenal3172.298v.tif,2987,4306
Arsenal3172.299r.tif,2993,4314
Arsenal3172.299v.tif,3006,4327
Arsenal3172.300r.tif,3012,4314
Arsenal3172.300v.tif,3006,4315
Arsenal3172.301r.tif,3012,4318
Arsenal3172.301v.tif,3006,4315
Arsenal3172.302r.tif,3000,4318
Arsenal3172.302v.tif,2996,4323
Arsenal3172.303r.tif,3000,4314
Arsenal3172.303v.tif,3008,4317
Arsenal3172.304r.tif,3000,4314
Arsenal3172.304v.tif,3026,4322
Arsenal3172.endmatter.flyleaf.01r.tif,3063,4320
Arsenal3172.endmatter.flyleaf.01v.tif,3042,4316
Arsenal3172.endmatter.flyleaf.02r.tif,3063,4332
Arsenal3172.endmatter.flyleaf.02v.tif,3048,4316
Arsenal3172.endmatter.flyleaf.03r.tif,3036,4320
Arsenal3172.endmatter.flyleaf.03v.tif,3048,4322
Arsenal3172.endmatter.flyleaf.04r.tif,3024,4320
Arsenal3172.endmatter.flyleaf.04v.tif,3045,4322
Arsenal3172.endmatter.flyleaf.05r.tif,3024,4318
Arsenal3172.endmatter.flyleaf.05v.tif,3045,4322
Arsenal3172.endmatter.pastedown.tif,3126,4368
Arsenal3172.binding.backcover.tif,3258,4378
Arsenal3172.ar.tif,3024,4283
Arsenal3172.av.tif,2963,4322
Arsenal3172.binding.foredge.tif,1064,4323
Arsenal3172.binding.head.tif,1090,3212
Arsenal3172.binding.spine.tif,942,4323
Arsenal3172.binding.tail.tif,1028,3247
Arsenal3172.misc.colorbar.tif,800,559
